{
  "titulo": "OLA",
  "descricao": "TUDO BEM??",
  "dataCriacao": "2025-05-29T22:30:23.696Z",
  "dataSubmissao": "2025-05-29T22:30:23.696Z",
  "tipoRecurso": "Viagens",
  "classificadores": [
    "cultura",
    "natureza"
  ],
  "visibilidade": true,
  "produtor": "68387d83ecb20e7714145efc",
  "submissor": "68387d83ecb20e7714145efc",
  "componentes": {
    "texto": "adorei Praga",
    "fotos": [],
    "ficheiros": [],
    "checklist": [],
    "hyperlinks": [
      "www.google.pt",
      "www.amazon.es"
    ]
  },
  "destino": "Praga",
  "duracaoDias": 2,
  "restaurante": "",
  "prato": "",
  "categoria": "",
  "evento": "",
  "local": ""
}