{
  "titulo": "Primeiro Item",
  "descricao": "desc primeiro",
  "dataCriacao": "2025-05-29T21:26:54.513Z",
  "dataSubmissao": "2025-05-29T21:26:54.513Z",
  "tipoRecurso": "Viagens",
  "classificadores": [
    "sporting"
  ],
  "visibilidade": true,
  "produtor": "68387d83ecb20e7714145efc",
  "submissor": "68387d83ecb20e7714145efc",
  "componentes": {
    "texto": "",
    "fotos": [],
    "ficheiros": [],
    "checklist": [],
    "hyperlinks": []
  },
  "destino": "sporting",
  "duracaoDias": 2,
  "restaurante": "",
  "prato": "",
  "categoria": "",
  "evento": "",
  "local": ""
}